{
    "0.1": {
        "simple": {
            "FedAvg": {
                "acc": 0.5183592457823354,
                "f1": 0.3493378443728785,
                "hist": [
                    0.06417466093284817,
                    0.4819715514389679,
                    0.49189546807806817,
                    0.48792590142242803,
                    0.49354945418458485,
                    0.4882566986437314,
                    0.49189546807806817,
                    0.4988422097254383,
                    0.49917300694674166,
                    0.4988422097254383,
                    0.49189546807806817,
                    0.49454184584849487,
                    0.5008269930532584,
                    0.5047965597088985,
                    0.5018193847171684,
                    0.5074429374793252,
                    0.5071121402580219,
                    0.5087661263645386,
                    0.5153820707906054,
                    0.511081706913662,
                    0.5124048957988753,
                    0.5170360568971221,
                    0.5143896791266953,
                    0.5153820707906054,
                    0.5216672179953689,
                    0.5147204763479987,
                    0.515051273569302,
                    0.5219980152166722,
                    0.5203440291101554,
                    0.5262983790936157,
                    0.5226596096592788,
                    0.5249751902084022,
                    0.5173668541184254,
                    0.5259675818723123,
                    0.5200132318888522,
                    0.5256367846510089,
                    0.5236520013231889,
                    0.5325835262983791,
                    0.5236520013231889,
                    0.5223288124379756,
                    0.5352299040688058,
                    0.5335759179622891,
                    0.5279523652001323,
                    0.5282831624214357,
                    0.5246443929870989,
                    0.5226596096592788,
                    0.5272907707575256,
                    0.5345683096261992,
                    0.5292755540853457,
                    0.5302679457492557,
                    0.5183592457823354
                ]
            },
            "FedProx": {
                "acc": 0.5580549123387364,
                "f1": 0.4807202081711836,
                "hist": [
                    0.05425074429374793,
                    0.4823023486602713,
                    0.472378432021171,
                    0.5071121402580219,
                    0.5081045319219318,
                    0.5127356930201786,
                    0.5143896791266953,
                    0.5262983790936157,
                    0.5206748263314588,
                    0.5249751902084022,
                    0.5673172345352299,
                    0.5196824346675488,
                    0.5322527290770758,
                    0.5289447568640423,
                    0.5269599735362223,
                    0.5279523652001323,
                    0.5329143235196825,
                    0.5312603374131657,
                    0.5358914985114125,
                    0.5256367846510089,
                    0.5358914985114125,
                    0.5322527290770758,
                    0.5319219318557724,
                    0.5372146873966259,
                    0.5358914985114125,
                    0.5378762818392325,
                    0.5368838901753226,
                    0.5368838901753226,
                    0.5352299040688058,
                    0.5282831624214357,
                    0.5395302679457492,
                    0.5378762818392325,
                    0.5593781012239497,
                    0.5451538207079061,
                    0.541184254052266,
                    0.543169037380086,
                    0.5583857095600397,
                    0.5564009262322196,
                    0.5550777373470063,
                    0.5616936817730731,
                    0.560701290109163,
                    0.5583857095600397,
                    0.5597088984452531,
                    0.5620244789943765,
                    0.5620244789943765,
                    0.5613628845517697,
                    0.556731723453523,
                    0.5653324512074098,
                    0.555739331789613,
                    0.560701290109163,
                    0.5580549123387364
                ]
            }
        },
        "rwth": {
            "Local": {
                "acc": 0.37009593119417794,
                "f1": 0.1841025893634461
            },
            "Centralized": {
                "acc": 0.6291763149189546,
                "f1": 0.5508428349871296
            },
            "FedAvg": {
                "acc": 0.5792259345021502,
                "f1": 0.4079206168487219,
                "hist": [
                    0.039364869335097585,
                    0.444260668210387,
                    0.4545153820707906,
                    0.49222626529937147,
                    0.4753556070129011,
                    0.4925570625206748,
                    0.5090969235858419,
                    0.5147204763479987,
                    0.5554085345683096,
                    0.5398610651670526,
                    0.5428382401587827,
                    0.484948726430698,
                    0.5451538207079061,
                    0.5375454846179292,
                    0.5640092623221965,
                    0.5527621567978829,
                    0.5514389679126696,
                    0.5669864373139266,
                    0.5719483956334767,
                    0.5706252067482633,
                    0.5769103539530268,
                    0.5547469401257029,
                    0.57029440952696,
                    0.5759179622891167,
                    0.5696328150843533,
                    0.5769103539530268,
                    0.5755871650678134,
                    0.5544161429043996,
                    0.57227919285478,
                    0.5732715845186901,
                    0.5772411511743302,
                    0.5759179622891167,
                    0.5779027456169368,
                    0.5729407872973867,
                    0.5739331789612967,
                    0.5759179622891167,
                    0.5752563678465101,
                    0.5583857095600397,
                    0.5752563678465101,
                    0.5755871650678134,
                    0.5759179622891167,
                    0.5785643400595435,
                    0.5788951372808468,
                    0.5640092623221965,
                    0.57227919285478,
                    0.5779027456169368,
                    0.5782335428382401,
                    0.5765795567317235,
                    0.5719483956334767,
                    0.5785643400595435,
                    0.5792259345021502
                ]
            },
            "FedProx": {
                "acc": 0.5931194177968905,
                "f1": 0.5047386165768221,